id,title,score,num_comments,author,created_utc,url,over_18,edited,spoiler,stickied,upvote_ratio
1n5d8j8,rainfrog – a database tool for the terminal,83,5,Somewhat_Sloth,2025-09-01 02:42:46,https://i.redd.it/6qdvnq8rugmf1.gif,False,False,False,False,0
1n55ks2,I figured out how I’m going to describe Data Engineering,48,18,markwusinich_,2025-08-31 20:44:31,https://www.reddit.com/r/dataengineering/comments/1n55ks2/i_figured_out_how_im_going_to_describe_data/,False,False,False,False,0
1n5l6g1,11 Apache Iceberg Optimization Tools You Should Know,26,2,codingdecently,2025-09-01 10:30:58,https://medium.com/overcast-blog/11-apache-iceberg-optimization-tools-you-should-know-5b43211aac65,False,False,False,False,0
1n5o9gs,Feeling stuck in my data engineering career – what should I do next?,19,13,Plane_Philosopher593,2025-09-01 13:09:15,https://www.reddit.com/r/dataengineering/comments/1n5o9gs/feeling_stuck_in_my_data_engineering_career_what/,False,False,False,False,0
1n5ik8j,Docker Crash Course,10,5,throwaway_112801,2025-09-01 07:45:24,https://www.reddit.com/r/dataengineering/comments/1n5ik8j/docker_crash_course/,False,False,False,False,0
1n5q5o1,Data mesh or Data Fabric?,3,3,Still-Butterfly-3669,2025-09-01 14:27:02,https://www.reddit.com/r/dataengineering/comments/1n5q5o1/data_mesh_or_data_fabric/,False,False,False,False,0
1n56ac3,Repos I can use to learn data engineering practices?,4,4,kittenchamp157,2025-08-31 21:13:21,https://www.reddit.com/r/dataengineering/comments/1n56ac3/repos_i_can_use_to_learn_data_engineering/,False,False,False,False,0
1n5thwz,As an experienced DE what things you wish you had knew earlier,2,6,Re-ne-ra,2025-09-01 16:33:27,https://www.reddit.com/r/dataengineering/comments/1n5thwz/as_an_experienced_de_what_things_you_wish_you_had/,False,False,False,False,1
1n526b5,"Service principal can’t read OneLake files via OPENROWSET in Fabric Warehouse, but works with personal account",2,1,pragi_03,2025-08-31 18:28:44,https://www.reddit.com/r/dataengineering/comments/1n526b5/service_principal_cant_read_onelake_files_via/,False,False,False,False,0
1n5sm0b,Monthly General Discussion - Sep 2025,1,0,AutoModerator,2025-09-01 16:00:54,https://www.reddit.com/r/dataengineering/comments/1n5sm0b/monthly_general_discussion_sep_2025/,False,False,False,True,1
1n5slp3,Quarterly Salary Discussion - Sep 2025,1,1,AutoModerator,2025-09-01 16:00:36,https://www.reddit.com/r/dataengineering/comments/1n5slp3/quarterly_salary_discussion_sep_2025/,False,False,False,True,1
1n5mak7,Why Kafka and Iceberg Will Define the Next Decade of Data Instrastructure,1,0,2minutestreaming,2025-09-01 11:34:28,https://blog.streambased.io/p/why-kafka-iceberg-will-define-the,False,False,False,False,0
1n5nqz6,Jo title conflict,0,3,Typical_Attorney_970,2025-09-01 12:46:50,https://www.reddit.com/r/dataengineering/comments/1n5nqz6/jo_title_conflict/,False,False,False,False,0
1n5mhls,this thing writes and maintains scrapers for you,0,0,kaisoma,2025-09-01 11:44:55,https://www.reddit.com/r/dataengineering/comments/1n5mhls/this_thing_writes_and_maintains_scrapers_for_you/,False,False,False,False,0
1n528w5,"I have a limited set of patient ICU data(vitals, labs, medication etc). How do I create more synthetic data based on the data I have?",0,8,Ok-Blacksmith3087,2025-08-31 18:31:33,https://www.reddit.com/r/dataengineering/comments/1n528w5/i_have_a_limited_set_of_patient_icu_datavitals/,False,False,False,False,0
1n5k2xx,Case Study: Slashed Churn Model Training Time by 93% with Snowflake-Powered MLOps - Feedback on Optimizations?,0,4,pm19191,2025-09-01 09:23:23,https://i.redd.it/bgw9100ptimf1.png,False,False,False,False,0
